rank,uri,artist_names,track_name,source,peak_rank,previous_rank,weeks_on_chart,streams
1,"spotify:track:02MWAaffLxlfxAUY7c5dvx","Glass Animals","Heat Waves","Polydor Records",1,1,64,"30343041"
2,"spotify:track:5PjdY0CKGZdEuoNab3yDmX","The Kid LAROI, Justin Bieber","STAY (with Justin Bieber)","Columbia",1,2,36,"24770929"
3,"spotify:track:1HhNoOuqm1a5MXYEgAFl8o","Imagine Dragons, JID, Arcane, League of Legends","Enemy (with JID) - from the series Arcane League of Legends","KIDinaKORNER/Interscope Records",3,3,20,"23593803"
4,"spotify:track:4fouWK6XVHhzl78KzQ1UjL","GAYLE","abcdefu","Atlantic/Arthouse Records",1,4,18,"21758708"
5,"spotify:track:7rglLriMNBPAyuJOMGwi39","Elton John, Dua Lipa, PNAU","Cold Heart - PNAU Remix","EMI",4,5,31,"20919433"
6,"spotify:track:1ri9ZUkBJVFUdgwzCnfcYs","Becky G, KAROL G","MAMIII","Kemosabe Records/RCA Records",5,6,5,"20053050"
7,"spotify:track:5Z9KJZvQzH6PFmb8SNkxuk","Lil Nas X, Jack Harlow","INDUSTRY BABY (feat. Jack Harlow)","Columbia",2,7,34,"19310609"
8,"spotify:track:6mmPpaltUZK7xjNlBPQQ0p","Rauw Alejandro, Chencho Corleone","Desesperados","Sony Music Latin/Duars Entertainment",8,8,14,"17791540"
9,"spotify:track:46IZ0fSY2mpAiktS3KOqds","Adele","Easy On Me","Columbia",1,9,22,"16938554"
10,"spotify:track:50nfwKoDiSYg8zOCREWAm5","Ed Sheeran","Shivers","Atlantic Records UK",4,10,27,"16486516"
11,"spotify:track:6I3mqTwhRpn34SLVafSH7G","Justin Bieber","Ghost","RBMG/Def Jam",11,12,26,"16285907"
12,"spotify:track:6Uj1ctrBOjOas8xZXGqKk4","Doja Cat","Woman","Kemosabe Records/RCA Records",6,13,36,"15689572"
13,"spotify:track:0QBzMgT7NIeoCYy3sJCof1","Camila Cabello, Ed Sheeran","Bam Bam (feat. Ed Sheeran)","Epic",13,14,2,"15595099"
14,"spotify:track:58HvfVOeJY7lUuCqF0m3ly","Elley Duhé","MIDDLE OF THE NIGHT","Not Fit For Society/RCA Records",14,19,12,"15314483"
15,"spotify:track:59CfNbkERJ3NoTXDvoURjj","Dove Cameron","Boyfriend","Disruptor Records/Columbia",11,11,5,"15313170"
16,"spotify:track:0e8nrvls4Qqv5Rfa2UhqmO","Lil Nas X","THATS WHAT I WANT","Columbia",3,16,26,"14919543"
17,"spotify:track:7mFj0LlWtEJaEigguaWqYh","Megan Thee Stallion, Dua Lipa","Sweetest Pie","300 Entertainment",17,-1,1,"14634331"
18,"spotify:track:1SOClUWhOi8vHZYMz3GluK","Jaymes Young","Infinity","Atlantic Records",11,15,20,"14606484"
19,"spotify:track:2WL6GQzPuK9Nrpy9XwNEbz","Nirvana","Something In The Way","Geffen",19,51,2,"14195493"
20,"spotify:track:2B4GHvToeLTOBB4QLzW3Ni","Farruko","Pepas","Sony Music Latin",4,17,36,"13952668"
21,"spotify:track:3rmo8F54jFF8OgYsqTxm5d","Ed Sheeran","Bad Habits","Atlantic Records UK",3,20,38,"13904840"
22,"spotify:track:3uUuGVFu1V7jTQL60S1r8z","Lost Frequencies, Calum Scott","Where Are You Now","Epic Amsterdam",19,22,28,"13701512"
23,"spotify:track:4SqWKzw0CbA05TGszDgMlc","The Walters","I Love You So","Warner Records",21,23,23,"13033032"
24,"spotify:track:4ZtFanR9U6ndgddUvNcjcG","Olivia Rodrigo","good 4 u","Olivia Rodrigo PS",1,24,44,"13018349"
25,"spotify:track:1O2pcBJGej0pmH2Y9XZMs6","Cris Mj","Una Noche en Medellín","Nabru Records LLC",25,38,3,"12997114"
26,"spotify:track:18asYwWugKjjsihZ0YvRxO","Tiësto, Ava Max","The Motto","Atlantic Records",26,26,19,"12941017"
27,"spotify:track:4gzsuuZypVbxs0Af1LSZyB","Tainy, Bad Bunny, Julieta Venegas","Lo Siento BB:/ (with Bad Bunny & Julieta Venegas)","Neon16",12,28,24,"12502364"
28,"spotify:track:3IAfUEeaXRX9s9UdKOJrFI","Anitta","Envolver","WEA Latina",28,125,2,"12343449"
29,"spotify:track:52xJxFP6TqMuO4Yt0eOkMz","Carolina Gaitán - La Gaita, Mauro Castillo, Adassa, Rhenzy Feliz, Diane Guerrero, Stephanie Beatriz, Encanto - Cast","We Don't Talk About Bruno","Walt Disney Records",8,21,12,"12297721"
30,"spotify:track:46HNZY1i7O6jwTA7Slo2PI","Coldplay, BTS","My Universe","Parlophone UK",3,25,25,"12289439"
31,"spotify:track:0VjIjW4GlUZAMYd2vXMi3b","The Weeknd","Blinding Lights","Republic Records",1,30,120,"12141497"
32,"spotify:track:20on25jryn53hWghthWWW3","ACRAZE, Cherish","Do It To It","Thrive Music, LLC",9,27,20,"12101553"
33,"spotify:track:2JPLbjOn0wPCngEot2STUS","Bad Bunny","Yonaguni","Rimas Entertainment LLC",3,31,41,"11891210"
34,"spotify:track:2QjOHCTQ1Jl3zawyYOpxh6","The Neighbourhood","Sweater Weather","Columbia",29,32,81,"11542539"
35,"spotify:track:3Vi5XqYrmQgOYBajMWSvCi","Doja Cat","Need to Know","Kemosabe Records/RCA Records",6,33,40,"11268697"
36,"spotify:track:2eAvDnpXP5W0cVtiI0PUxV","Ruth B.","Dandelions","Columbia",35,35,31,"11175628"
37,"spotify:track:7jtQIBanIiJOMS6RyCx6jZ","Tom Odell","Another Love","ITNO/Columbia",37,50,49,"10856115"
38,"spotify:track:3DarAbFujv6eYNliUTyqtz","Doja Cat, SZA","Kiss Me More (feat. SZA)","Kemosabe Records/RCA Records",3,37,49,"10834052"
39,"spotify:track:3AVXwaOGCEL8cmBecfcsFJ","Charlie Puth","Light Switch","Atlantic Records",19,34,8,"10656031"
40,"spotify:track:5CZ40GBx1sQ9agT82CLQCT","Olivia Rodrigo","traitor","Olivia Rodrigo PS",7,39,43,"10516736"
41,"spotify:track:37BZB0z9T8Xu7U3e65qxFy","The Weeknd, Ariana Grande","Save Your Tears (with Ariana Grande) (Remix)","Republic Records",5,48,47,"10384507"
42,"spotify:track:5nujrmhLynf4yMoMtj8AQF","Dua Lipa, DaBaby","Levitating (feat. DaBaby)","Warner Records",4,40,76,"10357517"
43,"spotify:track:1ZdhOMWyFR8Iv9eylMGYg2","Labrinth","Mount Everest","Syco Music",36,36,6,"10292707"
44,"spotify:track:2K7xn816oNHJZ0aVqdQsha","The Neighbourhood","Softcore","Columbia",35,41,10,"10092447"
45,"spotify:track:2hHeGD57S0BcopfVcmehdl","Tulus","Hati-Hati di Jalan","TulusCompany",45,80,2,"9926850"
46,"spotify:track:531KGXtBroSrOX9LVmiIgc","Dave","Starlight","Dave / Neighbourhood Recordings",46,83,2,"9774695"
47,"spotify:track:1SC5rEoYDGUK4NfG82494W","Lil Nas X","MONTERO (Call Me By Your Name)","Columbia",1,47,51,"9747705"
48,"spotify:track:7lQ8MOhq6IN2w8EYcFNSUk","Eminem","Without Me","Aftermath",31,44,25,"9696594"
49,"spotify:track:6lX6l7OuA3qrnIRfdsr0dw","Blessd, Justin Quiles, Lenny Tavárez","Medallo","WEA Latina",48,54,17,"9358820"
50,"spotify:track:5zNxUkUW9WiV5oyg6gh2wB","PEDRO SAMPAIO, Mc Pedrinho","DANÇARINA","WM Brazil",32,45,4,"9295700"
51,"spotify:track:3XOalgusokruzA5ZBA2Qcb","Gunna, Future, Young Thug","pushin P (feat. Young Thug)","300 Entertainment",14,42,10,"9230388"
52,"spotify:track:5TMLavqGRKNxgzMBrVpC9R","zzoilo, Aitana","Mon Amour - Remix","Universal Music Spain S.L.",34,43,28,"9100049"
53,"spotify:track:6LtHYDgYHRCHoKK3snfr2w","Labrinth, Zendaya","I'm Tired - From ""Euphoria"" An HBO Original Series","Columbia",29,29,3,"9088839"
54,"spotify:track:5wANPM4fQCJwkGd4rN57mH","Olivia Rodrigo","drivers license","Olivia Rodrigo PS",1,55,62,"9002320"
55,"spotify:track:5QO79kh1waicV47BqGRL3g","The Weeknd","Save Your Tears","Republic Records",2,57,67,"8920800"
56,"spotify:track:4MzXwWMhyBbmu6hOcLVD49","Bad Bunny, Jhay Cortez","DÁKITI","Rimas Entertainment LLC",1,53,72,"8920421"
57,"spotify:track:6ylDpki1VpIsc525KC1ojF","Sebastian Yatra","Tacones Rojos","UMLE - Latino",45,52,17,"8872164"
58,"spotify:track:0Bv7O6fmZk3GrNQFYJaXPn","La Pantera, Quevedo, Juseph, Abhir Hathi, Bejo, Cruz Cafuné, EL IMA","Cayó La Noche (feat. Cruz Cafuné, Abhir Hathi, Bejo, EL IMA) [Remix]","La Pantera",58,58,7,"8856103"
59,"spotify:track:0IuVhCflrQPMGRrOyoY5RW","Tate McRae","she's all i wanna be","RCA Records Label",38,49,6,"8757414"
60,"spotify:track:4RVwu0g32PAqgUiJoXsdF8","Billie Eilish","Happier Than Ever","Darkroom/Interscope Records",6,59,33,"8661344"
61,"spotify:track:58ge6dfP91o9oXMzq3XkIS","Arctic Monkeys","505","Domino Recording Co",61,64,11,"8554386"
62,"spotify:track:2dG9k8jtnkjzJjUToz9i9i","Bizarrap, Residente","Residente: Bzrp Music Sessions, Vol. 49","DALE PLAY Records",18,18,2,"8481999"
63,"spotify:track:5gflgO9EPbIBf16n5TKnQS","Zion & Lennox","Yo Voy (feat. Daddy Yankee)","Baby Records Inc",63,85,4,"8404172"
64,"spotify:track:3Wrjm47oTz2sjIgck11l5e","Måneskin","Beggin'","RCA Records Label",1,65,41,"8373108"
65,"spotify:track:76YSWx6L6FNsuaP6GWBb8P","Labrinth, Zendaya","All For Us","Syco Music",43,46,10,"8321287"
66,"spotify:track:0HqZX76SFLDz2aW8aiqi7G","Imagine Dragons","Bones","KIDinaKORNER/Interscope Records",66,-1,1,"8280067"
67,"spotify:track:2rDZhKnPaPG054ExZ6nXUS","Ryan Castro","Jordan","King Records",67,100,3,"8262449"
68,"spotify:track:3GZD6HmiNUhxXYf8Gch723","Frank Ocean","Lost","Red Zone Entertainment / IDJ",50,56,9,"8225513"
69,"spotify:track:3o9kpgkIcffx0iSwxhuNI2","Em Beihold","Numb Little Bug","Republic Records/Moon Projects, LLC.",69,78,7,"8220940"
70,"spotify:track:2gQPv5jvVPqU2a9HhMNO1v","BoyWithUke","Toxic","Republic Records",23,61,22,"8209819"
71,"spotify:track:2Xr1dTzJee307rmrkt8c0g","CKay","love nwantiti (ah ah ah)","Chocolate City Music",9,63,27,"8194868"
72,"spotify:track:2vmfvSoZBFAt9hhRoEByLi","Aventura, Bad Bunny","Volví","Rimas Entertainment LLC",10,81,33,"8128887"
73,"spotify:track:4r9jkMEnArtWGH2rL2FZl0","Bad Bunny","A Tu Merced","Rimas Entertainment LLC",52,75,18,"8029128"
74,"spotify:track:3yfqSUWxFvZELEM4PmlwIR","Eminem","The Real Slim Shady","Interscope",51,66,41,"7994804"
75,"spotify:track:6UelLqGlWMcVH1E5c4H7lY","Harry Styles","Watermelon Sugar","Columbia",4,72,122,"7957631"
76,"spotify:track:3rdAz1fbUfZxYgaCviYhRo","Rauw Alejandro","Todo De Ti","Sony Music Latin/Duars Entertainment",2,69,43,"7873600"
77,"spotify:track:3PfIrDoz19wz7qK7tYeu62","Dua Lipa","Don't Start Now","Warner Records",2,82,124,"7840730"
78,"spotify:track:3Kkjo3cT83cw09VJyrLNwX","Adele","Oh My God","Columbia",3,67,17,"7809261"
79,"spotify:track:1Y5Jvi3eLi4Chwqch9GMem","Kodak Black","Super Gremlin","Atlantic Records",45,62,14,"7800594"
80,"spotify:track:6HU7h9RYOaPRFeh0R3UeAr","Olivia Rodrigo","deja vu","Olivia Rodrigo PS",3,84,50,"7793773"
81,"spotify:track:0sTlGEld0h8kIPZaKDYUf4","The Rare Occasions","Notion","Elektra (NEK)",67,76,10,"7772758"
82,"spotify:track:2gpWyfu7eZ01zzncHpxOtA","Swedish House Mafia, The Weeknd","Moth To A Flame (with The Weeknd)","Republic Records",7,73,21,"7722890"
83,"spotify:track:3yMC1KsTwh0ceXdIe4QQAQ","Lauren Spencer-Smith","Fingers Crossed","Three Name Productions, Inc./ Island Records & Republic Records",17,71,10,"7713957"
84,"spotify:track:5QDLhrAOJJdNAmCTJ8xMyW","BTS","Dynamite","BIGHIT MUSIC",2,103,82,"7684174"
85,"spotify:track:1mWdTewIgB3gtBM3TOSFhB","BTS","Butter","BIGHIT MUSIC",2,93,43,"7670652"
86,"spotify:track:503OTo2dSqe7qk76rgsbep","Dr. Dre, Snoop Dogg","Still D.R.E.","Aftermath",29,70,5,"7646311"
87,"spotify:track:4iJyoBOLtHqaGxP12qzhQI","Justin Bieber, Daniel Caesar, Giveon","Peaches (feat. Daniel Caesar & Giveon)","RBMG/Def Jam",1,91,52,"7628246"
88,"spotify:track:00Blm7zeNqgYLPtW6zg8cj","Post Malone, The Weeknd","One Right Now (with The Weeknd)","Republic Records",9,74,19,"7620427"
89,"spotify:track:0pqnGHJpmpxLKifKRmU6WP","Imagine Dragons","Believer","Kid Ina Korner / Interscope",16,94,267,"7557457"
90,"spotify:track:1v7L65Lzy0j0vdpRjJewt1","Eminem","Lose Yourself - From ""8 Mile"" Soundtrack","Aftermath",44,79,65,"7557282"
91,"spotify:track:37y7iDayfwm3WXn5BiAoRk","Steve Lacy","Dark Red","Three Quarter",66,86,32,"7555737"
92,"spotify:track:5vUnjhBzRJJIAOJPde6zDx","Jnr Choi, Sam Tompkins","TO THE MOON","Jnr Choi/Epic",55,77,10,"7486359"
93,"spotify:track:74WROFXsox6wkeUrEK2DS6","Eden Muñoz","Chale","Lizos Music",93,137,2,"7464012"
94,"spotify:track:6EtKlIQmGPB9SX8UjDJG5s","Labrinth","Formula","Masterworks",68,68,9,"7361501"
95,"spotify:track:0RiRZpuVRbi7oqRdSMwhQY","Post Malone, Swae Lee","Sunflower - Spider-Man: Into the Spider-Verse","Republic Records",1,92,178,"7352330"
96,"spotify:track:62Yo3FDddWY8ydu6PW2wyz","Jack Harlow","Nail Tech","Generation Now/Atlantic",36,60,4,"7332463"
97,"spotify:track:7hU3IHwjX150XLoTVmjD0q","LISA","MONEY","YG Entertainment",5,96,27,"7244261"
98,"spotify:track:0u2P5u6lvoDfwTYjAADbn4","Billie Eilish, Khalid","lovely (with Khalid)","Darkroom",24,101,204,"7147083"
99,"spotify:track:7qEHsqek33rTcFNT9PFqLf","Lewis Capaldi","Someone You Loved","Vertigo Berlin",4,97,167,"7093222"
100,"spotify:track:3Oww84xrmgjyr5J1ilOmAf","Luude, Colin Hay","Down Under (feat. Colin Hay)","Sweat It Out",72,99,9,"7069002"
101,"spotify:track:0NBgyml7T0IvUNbXIkcSpH","Xamã, Gustah, Neo Beats","Malvadão 3","Bagua Records",33,89,12,"6985680"
102,"spotify:track:0dcnrLo8s1rhjm8euGjI4n","TREASURE","DARARI","YG Entertainment",102,107,3,"6980706"
103,"spotify:track:6K5ph5mq1qprHae3TrgTj5","Jessica Darrow","Surface Pressure - From ""Encanto""/Soundtrack Version","UMG Recordings, Inc.",23,87,11,"6872241"
104,"spotify:track:0k4d5YPDr1r7FX77VdqWez","Doja Cat, The Weeknd","You Right","Kemosabe Records/RCA Records",15,110,38,"6864434"
105,"spotify:track:2Gq636OOGgxCTqEuzCZhsa","Bizarrap, Tiago PZK","Tiago PZK: Bzrp Music Sessions, Vol. 48","WEA Latina/DALE PLAY Records",37,102,11,"6846933"
106,"spotify:track:0G2zPzWqVjR68iNPmx2TBe","Mora, Bad Bunny, Sech","Volando - Remix","Rimas Entertainment LLC",19,111,36,"6778840"
107,"spotify:track:2BcMwX1MPV6ZHP4tUT9uq6","Drake, 21 Savage, Project Pat","Knife Talk (with 21 Savage ft. Project Pat)","OVO",10,117,28,"6766022"
108,"spotify:track:1nH2PkJL1XoUq8oE6tBZoU","The Weeknd","Sacrifice","XO / Republic Records",3,95,10,"6753614"
109,"spotify:track:78kygHp1dvW1kncYjBgbe1","Ryan Castro","Mujeriego","Sony Music Entertainment",92,106,7,"6753570"
110,"spotify:track:0UXlu64mDLvfzR8IXMz06J","Christian Nodal","Ya No Somos Ni Seremos","Producciones Ladon, S.A de C.V.",37,88,4,"6702958"
111,"spotify:track:7EkWXAI1wn8Ii883ecd9xr","Surf Curse","Freaks","Surf Curse",55,109,46,"6679513"
112,"spotify:track:2J2Z1SkXYghSajLibnQHOa","Sia","Unstoppable","Monkey Puzzle Records/RCA Records",112,113,5,"6650747"
113,"spotify:track:69vlMrzHwATKzupwNcUPyK","Bad Bunny, Daddy Yankee","La Santa","Rimas Entertainment LLC",14,145,22,"6604937"
114,"spotify:track:0gucTLf7trAf37Ua1uAyAu","Nirvana","Smells Like Teen Spirit","Geffen",109,128,62,"6560441"
115,"spotify:track:68Dni7IE4VyPkTOH9mRWHr","J. Cole","No Role Modelz","Roc Nation Records LLC",113,115,34,"6538081"
116,"spotify:track:4xkOaSrkexMciUUogZKVTS","Eminem, Nate Dogg","'Till I Collapse","Aftermath",81,112,38,"6492208"
117,"spotify:track:2tpWsVSb9UEmDRxAl1zhX1","OneRepublic","Counting Stars","Mosley / Interscope",117,123,53,"6470139"
118,"spotify:track:3AJwUDP919kvQ9QcozQPxg","Coldplay","Yellow","Parlophone UK",101,118,65,"6453655"
119,"spotify:track:2BEcap3xJtmiPaHKyfQi4e","Rvssian, Rauw Alejandro, Chris Brown","Nostálgico","Sony Music Latin",40,108,27,"6446675"
120,"spotify:track:5E30LdtzQTGqRvNd7l6kG5","The Neighbourhood","Daddy Issues","Columbia",99,120,75,"6378432"
121,"spotify:track:3vySEUpD0tc801F2WZDLYw","Tyga, Doja Cat","Freaky Deaky","Kemosabe / RCA Records / Last Kings Music / EMPIRE",83,90,3,"6347303"
122,"spotify:track:0bI7K9Becu2dtXK1Q3cZNB","Tiësto, KAROL G","Don't Be Shy","Atlantic Records",38,124,31,"6328679"
123,"spotify:track:7gVzhRCrLRUBEGdS7zNTp0","Zé Felipe","Malvada","Som Livre",58,105,6,"6326912"
124,"spotify:track:0fea68AdmYNygeTGI4RC18","J Balvin, Bad Bunny","LA CANCIÓN","Universal Music Latino / Rimas",17,133,63,"6285457"
125,"spotify:track:5TXDeTFVRVY7Cvt0Dw4vWW","XXXTENTACION","Revenge","Bad Vibes Forever / EMPIRE",63,162,11,"6266902"
126,"spotify:track:7qiZfU4dY1lWllzX7mPBI3","Ed Sheeran","Shape of You","Atlantic Records UK",1,126,268,"6254977"
127,"spotify:track:48QmG1dfvMuYLxMPt7KSRA","Sean Paul, Dua Lipa","No Lie","Universal-Island Records Ltd.",80,143,33,"6236012"
128,"spotify:track:1ojBtNRMzjL7ptLPZCzfRz","Kevin Gates, Juicy J","Thinking with My Dick (feat. Juicy J)","Bread Winners' Association/Atlantic",128,-1,1,"6224826"
129,"spotify:track:29m79w9xPMH4YCD6r8JSmV","AP Dhillon, Gurinder Gill, Intense","Excuses","RUN-UP RECORDS",56,119,9,"6223983"
130,"spotify:track:1u8c2t2Cy7UBoG4ArRcF5g","Taylor Swift","Blank Space","Big Machine Records, LLC",130,139,19,"6196261"
131,"spotify:track:5g7sDjBhZ4I3gcFIpkrLuI","Bruno Mars","Locked out of Heaven","Atlantic Records",111,135,11,"6191136"
132,"spotify:track:5kqNIqFjijuzvVLhuY9B8j","Bad Bunny","La Zona","Rimas Entertainment LLC",60,122,6,"6189339"
133,"spotify:track:0W6I02J9xcqK8MtSeosEXb","Doja Cat","Get Into It (Yuh)","Kemosabe Records/RCA Records",36,155,33,"6167456"
134,"spotify:track:4u7EnebtmKWzUH433cf5Qv","Queen","Bohemian Rhapsody - Remastered 2011","EMI",11,134,181,"6149333"
135,"spotify:track:1DIXPcTDzTj8ZMHt3PDt8p","Coolio, L.V.","Gangsta's Paradise","Tommy Boy Music, LLC",116,129,21,"6147696"
136,"spotify:track:6f5ExP43esnvdKPddwKXJH","NEIKED, Mae Muller, Polo G","Better Days (NEIKED x Mae Muller x Polo G)","Capitol",32,121,22,"6124718"
137,"spotify:track:1XGmzt0PVuFgQYYnV2It7A","Maroon 5, Wiz Khalifa","Payphone","Interscope Records*",137,152,13,"6110778"
138,"spotify:track:0tgVpDi06FyKpA1z0VMD4v","Ed Sheeran","Perfect","Atlantic Records UK",4,138,261,"6066876"
139,"spotify:track:4jPy3l0RUwlUI9T5XHBW2m","24kGoldn, iann dior","Mood (feat. iann dior)","Records/Columbia",1,136,84,"6019178"
140,"spotify:track:5enxwA8aAbwZbf5qCHORXi","Taylor Swift","All Too Well (10 Minute Version) (Taylor's Version) (From The Vault)","Taylor Swift",1,132,18,"6018523"
141,"spotify:track:7yq4Qj7cqayVTp3FF9CWbm","Vance Joy","Riptide","F-Stop Records/Atlantic",122,142,63,"5994520"
142,"spotify:track:4UG2Fm0E98LhE2dlNxiAXx","JVKE","this is what falling in love feels like","JVKE",142,148,2,"5994319"
143,"spotify:track:02VBYrHfVwfEWXk5DXyf0T","Bruno Mars, Anderson .Paak, Silk Sonic","Leave The Door Open","Aftermath Entertainment/Atlantic",5,131,54,"5983981"
144,"spotify:track:0ct6r3EGTcMLPtrXHDvVjc","Avicii","The Nights","Universal Music AB",44,150,53,"5982117"
145,"spotify:track:7iL6o9tox1zgHpKUfh9vuC","50 Cent","In Da Club","Shady Records",77,127,5,"5975385"
146,"spotify:track:79nEEoEPY2w8EXj9hjn5oc","Yung Lean","Ginseng Strip 2002","YEAR0001",44,116,7,"5951650"
147,"spotify:track:4xqrdfXkTW4T0RauPLv3WA","Conan Gray","Heather","Republic Records",12,141,86,"5908263"
148,"spotify:track:1zi7xx7UVEFkmKfv06H8x0","Drake, WizKid, Kyla","One Dance","Cash Money Records/Young Money Ent./Universal Rec.",12,153,119,"5881947"
149,"spotify:track:3dYD57lRAUcMHufyqn9GcI","Hozier","Take Me To Church","Universal-Island Records Ltd.",108,158,74,"5843317"
150,"spotify:track:07MDkzWARZaLEdKxo6yArG","THE ANXIETY, WILLOW, Tyler Cole","Meet Me At Our Spot","MSFTSMusic / Roc Nation Records, LLC",24,159,28,"5841740"
151,"spotify:track:5719MEdRQcH4c3phXqX7WN","Hugo & Guilherme, Marília Mendonça","Mal Feito - Ao Vivo","Som Livre",72,144,9,"5833212"
152,"spotify:track:2tGvwE8GcFKwNdAXMnlbfl","Olivia Rodrigo","happier","Olivia Rodrigo PS",12,149,43,"5823802"
153,"spotify:track:2vXKRlJBXyOcvZYTdNeckS","Gesaffelstein, The Weeknd","Lost in the Fire (feat. The Weeknd)","Columbia",12,171,20,"5816175"
154,"spotify:track:003vvx7Niy0yvhvHt4a68B","The Killers","Mr. Brightside","Island Records",98,163,86,"5780740"
155,"spotify:track:4gvrJnKCKIPiacNsWVQwEU","CKay, Dj Yo!, AX'EL","love nwantiti (feat. Dj Yo! & AX'EL) - Remix","WM South Africa",14,151,26,"5774682"
156,"spotify:track:5W1qmxHrMlQGGAiFA3ZQqP","Dímelo Flow, Dalex, Sech, Justin Quiles, Arcangel, De La Ghetto, Lenny Tavárez","Se Le Ve","Rich Music",110,140,11,"5766862"
157,"spotify:track:21jGcNKet2qwijlDFuPiPb","Post Malone","Circles","Republic Records",1,160,133,"5759506"
158,"spotify:track:2N8m6CYs74qQO4mjVcXO30","Tones And I","Dance Monkey","Elektra (NEK)",1,154,139,"5709132"
159,"spotify:track:7FIWs0pqAYbP91WWM0vlTQ","Eminem, Juice WRLD","Godzilla (feat. Juice WRLD)","Shady/Aftermath/Interscope Records",4,169,75,"5675224"
160,"spotify:track:2USlegnFJLrVLpoVfPimKB","Gabry Ponte, LUM!X, Prezioso","Thunder","Spinnin' Records",110,146,15,"5656860"
161,"spotify:track:35mvY5S1H3J2QZyna3TFe0","Ariana Grande","positions","Republic Records",1,164,73,"5653690"
162,"spotify:track:48q0vSHcJdhK3IiXH8C5WJ","Arctic Monkeys","Why'd You Only Call Me When You're High?","Domino Recording Co",104,168,32,"5643548"
163,"spotify:track:2ZRo7axmMPeSVUvDbGkJah","XXXTENTACION","Hope","Bad Vibes Forever, LLC",42,187,34,"5629401"
164,"spotify:track:285pBltuF7vW8TeWk8hdRR","Juice WRLD","Lucid Dreams","Juice WRLD Mixtape / ISR P&D",3,175,193,"5627493"
165,"spotify:track:7CAdT0HdiQNlt1C7xk2hep","Jung Kook","Stay Alive (Prod. SUGA of BTS)","BIGHIT MUSIC",10,98,5,"5594705"
166,"spotify:track:5JCoSi02qi3jJeHdZXMmR8","Olivia Rodrigo","favorite crime","Olivia Rodrigo PS",11,157,39,"5579611"
167,"spotify:track:39LLxExYz6ewLAcYrzQQyP","Dua Lipa","Levitating","Warner Records",52,190,37,"5573175"
168,"spotify:track:161DnLWsx1i3u1JT05lzqU","Bruno Mars","Talking to the Moon","Atlantic Records",45,173,49,"5557266"
169,"spotify:track:3M0lSi5WW79CXQamgSBIjx","Chase Atlantic","Swim","Warner Records",108,156,8,"5510956"
170,"spotify:track:0nrRP2bk19rLc0orkWPQk2","Avicii","Wake Me Up","Universal Music AB",13,189,67,"5509597"
171,"spotify:track:3GaGWoU1KfVqgl7vnRHP55","C. Tangana","Demasiadas Mujeres","Sony Music Entertainment",171,194,2,"5505493"
172,"spotify:track:1mSviQV9iQnGSRyvTIuxAj","Alvaro Diaz, Rauw Alejandro","Problemón","UMG Recordings, Inc./Universal Music Latino",113,166,8,"5453180"
173,"spotify:track:6v3KW9xbzN5yKLt9YKDYA2","Shawn Mendes, Camila Cabello","Señorita","Island Records",1,177,137,"5445259"
174,"spotify:track:2gMXnyrvIjhVBUZwvLZDMP","Lewis Capaldi","Before You Go","Vertigo Berlin",19,172,121,"5442816"
175,"spotify:track:68HocO7fx9z0MgDU0ZPHro","NIKI","Every Summertime","MARVEL/Hollywood Records, Inc./Interscope Records",83,161,10,"5426975"
176,"spotify:track:7H0ya83CMmgFcOhw0UB6ow","Beach House","Space Song","Apple Orchard Music",174,176,9,"5408929"
177,"spotify:track:4HzqWEdAbzcVFDv0pvxV4w","Maluma","Sobrio","Sony Music Latin",41,197,36,"5406286"
178,"spotify:track:3rq5w4bQGigXOfdN30ATJt","Arctic Monkeys","Do I Wanna Know?","Domino Recording Co",117,191,33,"5405567"
179,"spotify:track:5uCax9HTNlzGybIStD3vDh","James Arthur","Say You Won't Let Go","Columbia",7,182,267,"5403107"
180,"spotify:track:6IAZHEBUIGJ6NJKxxOBIEr","Adele","Rolling in the Deep","XL Recordings",36,178,24,"5397922"
181,"spotify:track:5dXWFMwD7I7zXsInONVl0H","SZA","I Hate U","Top Dawg Entertainment/RCA Records",19,147,15,"5392665"
182,"spotify:track:04sN26COy28wTXYj3dMoiZ","Billie Eilish","Bored","Darkroom",51,-1,19,"5386225"
183,"spotify:track:7fBv7CLKzipRk6EC6TWHOB","The Weeknd","The Hills","Universal Republic Records",52,188,41,"5384659"
184,"spotify:track:7BbaIYAdi3pg4MGl6PHwPv","Yeat","Monëy so big","TwizzyRich",184,198,2,"5378054"
185,"spotify:track:3U4isOIWM3VvDubwSI3y7a","John Legend","All of Me","G.O.O.D. Music/Columbia",110,186,153,"5374495"
186,"spotify:track:22skzmqfdWrjJylampe0kt","Macklemore & Ryan Lewis, Macklemore, Ryan Lewis, Ray Dalton","Can't Hold Us (feat. Ray Dalton)","Macklemore",149,192,21,"5362275"
187,"spotify:track:3QGxgNaqaFSpORp2OVLXHR","Chefin, Mainstreet","212","Mainstreet Records",89,165,8,"5359764"
188,"spotify:track:60ynsPSSKe6O3sfwRnIBRf","Doja Cat","Streets","Kemosabe Records/RCA Records",9,-1,44,"5351445"
189,"spotify:track:3hRV0jL3vUpRrcy398teAU","Lord Huron","The Night We Met","Play It Again Sam",55,-1,28,"5306915"
190,"spotify:track:40iJIUlhi6renaREYGeIDS","Drake, Travis Scott","Fair Trade (with Travis Scott)","OVO",3,-1,22,"5305905"
191,"spotify:track:3UmaczJpikHgJFyBTAJVoz","Eminem, Dido","Stan","Interscope",138,183,5,"5303500"
192,"spotify:track:0MMyJUC3WNnFS1lit5pTjk","Olivia Rodrigo","jealousy, jealousy","Olivia Rodrigo PS",17,-1,28,"5301603"
193,"spotify:track:6RUKPb4LETWmmr3iAEQktW","The Chainsmokers, Coldplay","Something Just Like This","Disruptor Records/Columbia",2,-1,171,"5290245"
194,"spotify:track:5qaEfEh1AtSdrdrByCP7qR","Imagine Dragons","Demons","Kid Ina Korner / Interscope",194,-1,1,"5283836"
195,"spotify:track:4cktbXiXOapiLBMprHFErI","Maroon 5","Memories","Interscope Records*",2,195,122,"5280797"
196,"spotify:track:7BKLCZ1jbUBVqRi2FVlTVw","The Chainsmokers, Halsey","Closer","Disruptor Records/Columbia",2,-1,180,"5275702"
197,"spotify:track:6gBFPUFcJLzWGx4lenP6h2","Travis Scott","goosebumps","Epic/Grand Hustle",13,-1,228,"5254638"
198,"spotify:track:3XYRV7ZSHqIRDG87DKTtry","BTS","Permission to Dance","BIGHIT MUSIC",5,-1,26,"5226714"
199,"spotify:track:6f3Slt0GbA2bPZlz0aIFXN","Tiësto","The Business","Atlantic Records",9,181,72,"5217801"
200,"spotify:track:1J14CdDAvBTE1AJYUOwl6C","Duncan Laurence","Arcade","Universal Music, a division of Universal International Music BV",23,-1,59,"5216850"
